Question,Label
is my order still in the warehouse,Order Status
be my order still in the storage warehouse,Order Status
to their order still in the line,Order Status
is one order still on this warehouse,Order Status
my is order in still warehouse the,Order Status
do you offer customer support in other languages,Out of Domain
do you offer client support in early languages,Out of Domain
do you get similar support between other languages,Out of Domain
do I see written support in other languages,Out of Domain
do you customer offer support in other languages,Out of Domain
can you tell me the current status of my order,Order Status
can you tell pine tree state the current status of my ordination,Order Status
can you tell from the passenger status of my and,Order Status
can you pass me the import status with my order,Order Status
can you tell the me status current my of order,Order Status
will my order be delivered over the weekend,Delivery Time
will my monastic order be delivered concluded the weekend,Delivery Time
will my date be late in the weekend,Delivery Time
will my order ring gone for the weekend,Delivery Time
my will order delivered be over weekend the,Delivery Time
where are your stores located,Out of Domain
where are your stores located,Out of Domain
where were available stores located,Out of Domain
where are your neighbors today,Out of Domain
where are your stores located,Out of Domain
can i get a quote for a large order,Out of Domain
can i get a quotation for a big order,Out of Domain
can i buy you coffee for a large order,Out of Domain
can i quote a quote for her large pool,Out of Domain
can get a i quote for large a order,Out of Domain
is there any way to speed up my delivery,Delivery Time
is in that respect any way to hie upwardly my delivery,Delivery Time
is she any way of speed again my delivery,Delivery Time
is here any time to set up my delivery,Delivery Time
is way there any to speed up delivery my,Delivery Time
the delivery company says my address is incorrect how can i fix this,Shipping Issues
the legal transfer fellowship says my address be incorrect how can i fix this,Shipping Issues
the phone company believes my address is incorrect how does someone fix this,Shipping Issues
the delivery company writes my address is incorrect please would i correct this,Shipping Issues
the delivery company my address says is incorrect can how i this fix,Shipping Issues
can you give me a delivery date for my order,Delivery Time
can you give maine a delivery date for my social club,Delivery Time
could you give him a delivery date for some order,Delivery Time
can somebody get me a delivery date for my car,Delivery Time
can give me you a delivery date for order my,Delivery Time
whats the best way to store this product,Out of Domain
whats the honest way to lay in this product,Out of Domain
whats the best places to store it she,Out of Domain
whats the best specialty stores store its product,Out of Domain
the whats best way store this to product,Out of Domain
how do i write a product review,Out of Domain
how do i publish a product review,Out of Domain
how shall i write my product it,Out of Domain
how do bloggers do good product review,Out of Domain
do how i a write review product,Out of Domain
why is my delivery date different from what was initially promised,Delivery Time
wherefore embody my delivery date different from what be initially predict,Delivery Time
which is my first date different to it was initially promised,Delivery Time
why is my delivery method apart from what people initially known,Delivery Time
is why delivery my different date from was what initially promised,Delivery Time
how do i check the realtime status of my order,Order Status
how do i check the realtime status of my order,Order Status
where can you check the realtime status of his order,Order Status
how do can check his stock status on my order,Order Status
how do i check realtime the status of my order,Order Status
i need to know the expected delivery date for my order,Delivery Time
i need to fuck the expected speech date for my order,Delivery Time
i need to know her specific delivery day for my car,Delivery Time
i need also know the last delivery date for any packages,Delivery Time
Need I to the know delivery expected date for order my,Delivery Time
where can i find sizing information for your clothing,Out of Domain
where can i find sizing information for your habiliment,Out of Domain
and can i find any supplies for your clothing,Out of Domain
where I easily find sizing information across your clothing,Out of Domain
where can find i information for sizing your clothing,Out of Domain
what is the estimated delivery time for my order,Delivery Time
what is the estimated delivery time for my ordination,Delivery Time
below is the estimated return time of my order,Delivery Time
what is their estimated delivery timetable around my order,Delivery Time
is what the estimated delivery time order for my,Delivery Time
why was my order returned to the sender,Shipping Issues
why be my order come back to the sender,Shipping Issues
why not i letter returned to the sender,Shipping Issues
why got my house returned to the seller,Shipping Issues
why was my returned order to the sender,Shipping Issues
whats the minimum quantity for wholesale orders,Out of Domain
whats the minimal quantity for wholesale fiat,Out of Domain
whats the last test for lower orders,Out of Domain
whats your minimum quantity from wholesale consumption,Out of Domain
whats quantity minimum the for wholesale orders,Out of Domain
how can i track the exact arrival time of my order,Delivery Time
how can i chase the exact arrival sentence of my order,Delivery Time
how about i track down early passing time of my order,Delivery Time
how would i impact the daily arrival time of my child,Delivery Time
Can how i track the exact arrival time my of order,Delivery Time
is my order out for delivery,Order Status
is my order tabu for bringing,Order Status
is to order out or delivery,Order Status
is next order up for delivery,Order Status
my is order out delivery for,Order Status
when was my order shipped,Order Status
when was my order ship,Order Status
when was college education shipped,Order Status
when ordered his order shipped,Order Status
when was my order shipped,Order Status
how do i delete my account,Out of Domain
how do i delete my report,Out of Domain
how do u use our account,Out of Domain
how do we delete your account,Out of Domain
how do delete my i account,Out of Domain
what is the shipping status of my order,Order Status
what equal the ship status of my rescript,Order Status
data regarding the shipping status of my world,Order Status
what is the shipping info about my article,Order Status
Is what the shipping status my order of,Order Status
whats the delivery time frame for my order,Delivery Time
whats the deliverance time skeleton for my edict,Delivery Time
called it delivery time required for my order,Delivery Time
whats the delivery time different from my book,Delivery Time
whats the delivery time for order frame my,Delivery Time
can i get a confirmation that my order has shipped,Order Status
can i contract a check that my order make shipped,Order Status
can i get a way that my mobile be shipped,Order Status
can i confirm a confirmation since my order has risen,Order Status
I can a get confirmation that my has order shipped,Order Status
how long does it take to process a refund,Out of Domain
how long do it take to process a refund,Out of Domain
how long might it take to create a n,Out of Domain
how does it it mean to process a refund,Out of Domain
long how does it take to a refund process,Out of Domain
how can i find out when my order will be delivered,Delivery Time
how can i regain out when my order testament be deliver,Delivery Time
only can i find out when your death will be [UNK],Delivery Time
how bout i do it when my order will take delivered,Delivery Time
how i can find out my when will order delivered be,Delivery Time
my package is missing can you help,Shipping Issues
my software program make up lack can you help,Shipping Issues
my package has gone can you say,Shipping Issues
my mom is missing cant we help,Shipping Issues
package my is missing help can you,Shipping Issues
has my order been dispatched yet,Order Status
has my order been dispatched so far,Order Status
has its order been delayed yet,Order Status
has your order been blocked yet,Order Status
has order my dispatched been yet,Order Status
can i modify an order after placing it,Out of Domain
rump i modify an order after placing information technology,Out of Domain
users individually modify an object after placing it,Out of Domain
can i delete an assignment after creating it,Out of Domain
I can an modify after order placing it,Out of Domain
what date will my order be delivered,Delivery Time
what date bequeath my ordination be delivered,Delivery Time
when date will your order have delivered,Delivery Time
what date and my birthday be?,Delivery Time
what date my will delivered order be,Delivery Time
has my order been handed over to the courier,Order Status
has my ordination been hand over to the courier,Order Status
has our order been conveyed over to our courier,Order Status
has its order now handed over to this courier,Order Status
has my handed order been over to courier the,Order Status
how do i cancel my subscription,Out of Domain
how do i cancel my subscription,Out of Domain
or do i cancel that subscription,Out of Domain
how yo best cancel my subscription,Out of Domain
how i do cancel subscription my,Out of Domain
when will my package arrive if its been delayed,Delivery Time
when will my package arrive if its represent delay,Delivery Time
when will you beloved arrive if she been delayed,Delivery Time
when will my package survive if already been claimed,Delivery Time
when my will arrive package if its delayed been,Delivery Time
is my order still processing,Order Status
is my orderliness still processing,Order Status
is his order still when,Order Status
is my power still out,Order Status
is order my processing still,Order Status
the package arrived with some items missing what do i do,Shipping Issues
the package arrive with some detail leave out what do i do,Shipping Issues
mail package filled with all items missing what did i do,Shipping Issues
the police back with some clothes missing what would i do,Shipping Issues
arrived the package some with missing items what do i do,Shipping Issues
my package was delayed due to weather conditions can i get an update,Shipping Issues
my software was delayed due to endure status can i get an update,Shipping Issues
my hand was dropped due to weather conditions then i get an m,Shipping Issues
"my package was delayed going to weather updates, please get an update",Shipping Issues
package my was due delayed to weather conditions i can an get update,Shipping Issues
where is my order,Order Status
where is my ordination,Order Status
firearms are my order,Order Status
where stored my database,Order Status
where is my order,Order Status
can i change my account email address,Out of Domain
put up i switch my account email address,Out of Domain
can i terminate this account and address,Out of Domain
can i save my account here??,Out of Domain
can change i my email address account,Out of Domain
the package is marked as undeliverable what should i do,Shipping Issues
the software represent marked as undeliverable what should i answer,Shipping Issues
the door is marked before well what would i do,Shipping Issues
the reply is marked as follows what should they give,Shipping Issues
The package is as marked undeliverable what should i do,Shipping Issues
is my order on hold for any reason,Order Status
is my ordering on hold for any reasonableness,Order Status
is my father explain how for any reason,Order Status
is my order on line to this reason,Order Status
is order my on hold any reason for,Order Status
my tracking shows that my package was delivered but i didnt receive it,Shipping Issues
my tracking shows that my computer software personify deliver but i didnt receive it,Shipping Issues
my car shows that a car was bought but i not receive it,Shipping Issues
my scanner shows that another package was in though i didnt receive it,Shipping Issues
tracking my shows my that package delivered was but i receive didnt it,Shipping Issues
what are your store hours,Out of Domain
what are your stock hour,Out of Domain
what in your store you,Out of Domain
what is your normal hours,Out of Domain
your what are store hours,Out of Domain
is there any delay in the delivery of my order,Delivery Time
is on that point any delay in the delivery of my club,Delivery Time
is there any delay between the performance of his order,Delivery Time
is there any problems during the delivery of their order,Delivery Time
is delay there any the in delivery of my order,Delivery Time
my order was delivered to the wrong address what should i do,Shipping Issues
my order was delivered to the wrong address what should i do,Shipping Issues
my order be delivered to the wrong side why should you do,Shipping Issues
my order was delivered thru the UPS store so should i do,Shipping Issues
order my was delivered to address wrong the what should i do,Shipping Issues
the delivery was rescheduled without my consent why,Shipping Issues
the saving be rescheduled without my consent why,Shipping Issues
our delivery was rescheduled without her learning why,Shipping Issues
the ruling and rescheduled per my consent why,Shipping Issues
the delivery rescheduled was without my consent why,Shipping Issues
when should i expect delivery,Delivery Time
when should i expect delivery,Delivery Time
when should i sign something,Delivery Time
when did i see delivery,Delivery Time
when should i expect delivery,Delivery Time
can you tell me when i should expect my package,Delivery Time
can you tell me when i should await my parcel,Delivery Time
and you tell me when he should expect my...,Delivery Time
can you ask me when i might check my package,Delivery Time
can tell you me when i should expect my package,Delivery Time
what is your refund policy for digital products,Out of Domain
what is your repayment insurance for digital product,Out of Domain
what is then discount amount for digital products,Out of Domain
what is retailer refund policy in recalled products,Out of Domain
what is your for refund digital policy products,Out of Domain
can i get an exact time for my delivery,Delivery Time
can i get an accurate time for my livery,Delivery Time
can i get an extra point about my delivery,Delivery Time
can never get the exact time for its delivery,Delivery Time
can i an get time exact for delivery my,Delivery Time
why is my order showing as pending shipment,Order Status
why is my decree demonstrate as pending shipment,Order Status
neither is such statement showing as pending shipment,Order Status
why show our order showing as the shipment,Order Status
why order is my showing pending as shipment,Order Status
how do i know if my package will arrive today,Delivery Time
how do i know if my package bequeath arrive today,Delivery Time
how does i know if my package may arrive here,Delivery Time
how can i know if my email will arrive â€¦,Delivery Time
how i do know if my package today will arrive,Delivery Time
are there any delivery delays for my order,Delivery Time
are there any livery delays for my orderliness,Delivery Time
aren there any delivery numbers for my own,Delivery Time
are currently being delivery delays for another order,Delivery Time
Are there any delivery delays for order my,Delivery Time
why does it say my delivery has been rescheduled,Delivery Time
wherefore does it say my delivery has exist rescheduled,Delivery Time
why does god sound my delivery got been me,Delivery Time
why might it disappear after delivery a been rescheduled,Delivery Time
does it why say my has delivery been rescheduled,Delivery Time
could you provide an estimated delivery time based on my location,Delivery Time
could you provide an estimated delivery fourth dimension based on my location,Delivery Time
then you provide an estimated safe distance based towards my location,Delivery Time
could only calculate an accurate delivery time based in my location,Delivery Time
You could an provide estimated delivery time based on my location,Delivery Time
the order status says incomplete delivery what does that mean,Shipping Issues
the order condition says incomplete speech what set that mean,Shipping Issues
some more it says incomplete delivery what does that mean,Shipping Issues
the build status says awaiting delivery which does that mean,Shipping Issues
the order status says incomplete delivery does what that mean,Shipping Issues
can you please tell me weather today,Out of Domain
can you delight tell pine tree state weather today,Out of Domain
can she please tell my weather if,Out of Domain
can everyone please tell about everything today,Out of Domain
you can tell please me today weather,Out of Domain
do you offer gift cards,Out of Domain
serve you extend gift cards,Out of Domain
others additionally offer gift cards,Out of Domain
do you sell pokemon cards,Out of Domain
do you offer gift cards,Out of Domain
the shipping address on my order is incorrect can i fix it,Shipping Issues
the shipping destination on my order is wrong can i fix it,Shipping Issues
the shipping address on my page on it can i fix online,Shipping Issues
the shipping address For my email if incorrect can i fix i,Shipping Issues
Shipping the address on my order is incorrect can i it fix,Shipping Issues
do you offer international shipping,Out of Domain
practise you offer outside shipping,Out of Domain
why you do international shipping,Out of Domain
do or offer internet shipping,Out of Domain
do offer you shipping international,Out of Domain
can i see a detailed history of my orders shipment,Order Status
can i envision a elaborate history of my orders shipment,Order Status
can i see his real history for my orders shipment,Order Status
can please see a detailed explanation of my orders next,Order Status
can i see a detailed history of my shipment orders,Order Status
has my package reached the local delivery office,Order Status
has my package reached the local delivery post,Order Status
has that package reached the latest delivery if,Order Status
has my inquiry reached his local government office,Order Status
has package my reached the delivery office local,Order Status
can you give me a delivery estimate,Delivery Time
give notice you give me a obstetrical delivery estimate,Delivery Time
may you give me a time order come,Delivery Time
can you give me the time that my order come,Delivery Time
you can give me estimate a delivery,Delivery Time
what are the benefits of signing up for your newsletter,Out of Domain
what be the benefit of signing up for your newsletter,Out of Domain
and are the benefits by signing up for that newsletter,Out of Domain
what 5 major benefits of signing up for your survey,Out of Domain
what are the of signing benefits up for newsletter your,Out of Domain
do you have any seasonal promotions,Out of Domain
do you have any seasonal promotional material,Out of Domain
do i have new seasonal promotions,Out of Domain
do you have serious seasonal allergies,Out of Domain
you do have any promotions seasonal,Out of Domain
do you offer a student discount,Out of Domain
execute you offer a scholarly person discount,Out of Domain
do you feel a double discount,Out of Domain
do you offer a housing loan,Out of Domain
you do offer student a discount,Out of Domain
has my order reached my city yet,Order Status
has my order make my city yet,Order Status
before my order joined my city or,Order Status
has any order reached their attorney yet,Order Status
My order has reached my yet city,Order Status
i want to buy a new laptop,Out of Domain
i need to buy a modern laptop computer,Out of Domain
i like to buy a happy me,Out of Domain
i want go find a real laptop,Out of Domain
i to want a buy laptop new,Out of Domain
why is my order stuck in customs,Shipping Issues
why is my order stuck in impost,Shipping Issues
i is my family stuck in this,Shipping Issues
why once my husband stuck outside customs,Shipping Issues
is why order my stuck customs in,Shipping Issues
whats the status of my product return,Out of Domain
whats the status of my product return key,Out of Domain
keep the status of last product now,Out of Domain
whats legal status of your possible return,Out of Domain
whats status the of my product return,Out of Domain
my package has been stuck in transit for days,Shipping Issues
my packet has been stuck in transit for days,Shipping Issues
some package still been stuck in transit for well,Shipping Issues
my package has be stuck in transit 6 years,Shipping Issues
package my has been stuck in transit for days,Shipping Issues
how can i track my order,Order Status
how can i track my order,Order Status
how can i obey an order,Order Status
how can Verizon track my phone,Order Status
how i can track order my,Order Status
how can i apply a discount code to my purchase,Out of Domain
how can i apply a deduction code to my purchase,Out of Domain
how have i apply enough discount premium to my purchase,Out of Domain
how can people apply a QR code inside my purchase,Out of Domain
how can i apply discount a code to my purchase,Out of Domain
is my order in transit,Order Status
is my order in transportation system,Order Status
said my lord in transit,Order Status
is public order as transit,Order Status
is my transit order in,Order Status
how can i update my billing information,Out of Domain
how send away i update my billing data,Out of Domain
or can i keep my security information,Out of Domain
how can i obtain current status information,Out of Domain
Can how update my i billing information,Out of Domain
there was a problem with my delivery can you resolve it,Shipping Issues
there was a problem with my delivery crapper you solve it,Shipping Issues
there was something call regarding my delivery can you resolve please,Shipping Issues
there was another fault with my delivery can you reproduce this,Shipping Issues
Was there problem a with my you delivery can resolve it,Shipping Issues
why is my order late,Delivery Time
wherefore is my guild late,Delivery Time
why not my call late,Delivery Time
why send the order late,Delivery Time
My why is order late,Delivery Time
how soon can i expect my package to be delivered,Delivery Time
how soon derriere i bear my package to be delivered,Delivery Time
so very can i expect my package to be...,Delivery Time
how quickly can you expect my package o be delivered,Delivery Time
can how soon expect i my package to be delivered,Delivery Time
has my order been shipped with express delivery,Order Status
take my order personify shipped with express delivery,Order Status
as my order been delivered under express delivery,Order Status
has every order electronically cancelled with express delivery,Order Status
has order my been express shipped with delivery,Order Status
when is my package coming,Delivery Time
when is my package amount,Delivery Time
tonight is my flight coming,Delivery Time
when is my inquiry received,Delivery Time
is my when package coming,Delivery Time
my order never arrived what can i do,Shipping Issues
my social club never arrived what can i do,Shipping Issues
when order was arrived what can i guess,Shipping Issues
my order never arrived why can my ask,Shipping Issues
Order my arrived never what i can do,Shipping Issues
is my package on the way,Order Status
be my package on the way,Order Status
is my body on the beach,Order Status
is my package on a shelf,Order Status
is package my on way the,Order Status
i received a damaged package what now,Shipping Issues
iodin received a damage package what straightaway,Shipping Issues
i received a nice package it was,Shipping Issues
i received a wooden boat what next,Shipping Issues
received I damaged a package now what,Shipping Issues
what is the current location of my package,Order Status
what is the current location of my package,Order Status
and with her current location of my package,Order Status
what is the current version @ this package,Order Status
is what the current location package of my,Order Status
are there any additional taxes on my purchase,Out of Domain
are there any extra tax on my purchase,Out of Domain
are there other additional restrictions on additional purchase,Out of Domain
are there any additional patterns in my income,Out of Domain
are there any taxes additional purchase on my,Out of Domain
the package is damaged and i need a replacement what should i do,Shipping Issues
the software program is damage and i need a replacement what should i do,Shipping Issues
the house looked damaged and i need no replacement phone should i do,Shipping Issues
the package thats damaged badly will need a replacement what should investors do,Shipping Issues
Package the is damaged i and need a what replacement i should do,Shipping Issues
how many business days will it take for my order to be delivered,Delivery Time
how many business organization day will it take for my order to embody delivered,Delivery Time
how several business days will today take for my order gets get delivered,Delivery Time
how many business calls will still costs for my order to take delivered,Delivery Time
how business many will days it take my for order to delivered be,Delivery Time
when should i expect my order considering it was shipped yesterday,Delivery Time
when should i expect my order considering information technology represent shipped yesterday,Delivery Time
when should i expect my order and they usually shipped only,Delivery Time
when should u expect money order as it already shipped yesterday,Delivery Time
when i should expect my order considering was it shipped yesterday,Delivery Time
whats the procedure for bulk orders,Out of Domain
whats the operation for bulk guild,Out of Domain
whats they use for bulk when,Out of Domain
whats standard procedure to bulk sourcing,Out of Domain
whats procedure the for orders bulk,Out of Domain
can i order a sample product,Out of Domain
can i order a sample intersection,Out of Domain
can we order a dry product,Out of Domain
can i order more sample t,Out of Domain
I can order a product sample,Out of Domain
when is the earliest date i can receive my order,Delivery Time
when be the earliest date i prat receive my order,Delivery Time
2021 is the due date i officially receive my order,Delivery Time
when is thee earliest date consumers can receive their order,Delivery Time
the when earliest is date i can receive my order,Delivery Time
can i get an update on my order status,Order Status
can i get an update on my order condition,Order Status
can i spare an update against his order status,Order Status
can i get the update on my last update,Order Status
can i get on an update my status order,Order Status
hello who are you,Out of Domain
hullo world health organization are you,Out of Domain
hello here with you,Out of Domain
hello friends are here,Out of Domain
are hello who you,Out of Domain
my package is stuck at a facility for a long time why,Shipping Issues
my package is stick at a facility for a retentive meter wherefore,Shipping Issues
my package is no at a keyboard in this long time why,Shipping Issues
my girl is stuck at this facility for that ridiculous time why,Shipping Issues
my package stuck at is for a facility a long time why,Shipping Issues
can i see what stage my order is at,Order Status
potty i hear what stage my order is at,Order Status
can she see what place my boyfriend is at,Order Status
can then define what stage my order is then,Order Status
can i see what my order stage at is,Order Status
ive been waiting too long for my package to arrive,Shipping Issues
ive been waiting too long for my package to go far,Shipping Issues
by not waiting too long for my package with fit,Shipping Issues
ive been waiting to long for my package ta happen,Shipping Issues
ive been waiting too for package long my to arrive,Shipping Issues
do you have a physical catalog,Out of Domain
practice you possess a physical catalog,Out of Domain
do you have any college catalog,Out of Domain
do you have a complete breakdown,Out of Domain
do have you physical a catalog,Out of Domain
has my order been packaged,Order Status
has my order be packaged,Order Status
was his order been packaged,Order Status
has this ring been packaged,Order Status
My has order packaged been,Order Status
is my order stuck in one location,Order Status
is my order adhere in i location,Order Status
is each order stuck outside another location,Order Status
is my order stuck outside China :(,Order Status
is my stuck order one location in,Order Status
do you provide gift wrapping services,Out of Domain
do you provide talent wrap services,Out of Domain
do you have gift handling services,Out of Domain
do you provide the wrapping service,Out of Domain
do you provide services gift wrapping,Out of Domain
where do you source your materials,Out of Domain
where do you author your materials,Out of Domain
where do i source your education,Out of Domain
where do you source secondary outputs,Out of Domain
Do where source you your materials,Out of Domain
do you provide installation services,Out of Domain
answer you allow installation services,Out of Domain
do you want financial services,Out of Domain
do you provide emotional help,Out of Domain
Do you provide installation services,Out of Domain
whats the latest update on my orders location,Order Status
whats the latest update on my order location,Order Status
so the latest story on my current location,Order Status
whats a current update on my current location,Order Status
whats the latest my update on location orders,Order Status
the tracking information hasnt updated in a while is there a problem,Shipping Issues
the get across information hasnt updated in a piece is there a job,Shipping Issues
google tracking protocol hasnt updated in full while is there a question,Shipping Issues
the computer information constantly updated quite a while is causing a problem,Shipping Issues
the tracking information hasnt updated in a is a there while problem,Shipping Issues
the tracking number isnt working properly can you check,Shipping Issues
the tail number isnt bring properly can you check,Shipping Issues
the tracking number isnt where it can be check,Shipping Issues
the tracking number isnt working which tells you it,Shipping Issues
the tracking number working isnt properly you check can,Shipping Issues
my package was damaged during delivery what should i do next,Shipping Issues
my software system make up damaged during delivery what should i do next,Shipping Issues
next package was marked after delivery but should i do next,Shipping Issues
my motorcycle was damaged during transport which should i do?,Shipping Issues
Package my was damaged delivery during what i should next do,Shipping Issues
how many distinct vietnam have,Out of Domain
how many distinguishable vietnam have,Out of Domain
how do distinct vietnam from,Out of Domain
how communists divided vietnam armies,Out of Domain
Many how vietnam distinct have,Out of Domain
my package was refused by the recipient what happens now,Shipping Issues
my package was refused by the recipient what bechance like a shot,Shipping Issues
their approach was refused by the recipient what happens who,Shipping Issues
my package been deleted by the recipient what happens then,Shipping Issues
Package my was by refused the what recipient happens now,Shipping Issues
i need to report a missing package,Shipping Issues
i require to account a missing bundle,Shipping Issues
i need better see the missing package,Shipping Issues
i school must report a missing child,Shipping Issues
need I to missing report a package,Shipping Issues
will my order be delivered by the end of this week,Delivery Time
testament my decree cost delivered by the end of this week,Delivery Time
will my order be delivered at my end of a yes,Delivery Time
will meet order fully delivered by tail end of one week,Delivery Time
my will be delivered order by the end this of week,Delivery Time
how long will it take for my order to be delivered,Delivery Time
how long will information technology take for my order to be deliver,Delivery Time
how easy can another be for my order to be delivered,Delivery Time
how much shall it cost for my order to be released,Delivery Time
long how it will take my order for to be delivered,Delivery Time
there appears to be an issue with my shipment can you investigate,Shipping Issues
there appears to live an egress with my shipment sack you investigate,Shipping Issues
there appears to be an improvement with my shipment but no reply,Shipping Issues
there appears to be another accident with online shipment should you investigate,Shipping Issues
there appears to be an with issue my can shipment you investigate,Shipping Issues
how to solve this problem,Out of Domain
how to resolve this trouble,Out of Domain
how to solve chaos by,Out of Domain
how too solve this hack,Out of Domain
how solve to problem this,Out of Domain
are your products environmentally friendly,Out of Domain
are your products environmentally friendly,Out of Domain
market your products buyer friendly,Out of Domain
are your businesses environmentally sustainable,Out of Domain
Your are environmentally products friendly,Out of Domain
how soon will my package be delivered,Delivery Time
how soon testament my package be have,Delivery Time
when soon is your package be delivered,Delivery Time
how shipped to my package and delivered,Delivery Time
How will soon my package be delivered,Delivery Time
can i customize this product,Out of Domain
toilet i customize this cartesian product,Out of Domain
can software customize a product,Out of Domain
can i have a product,Out of Domain
can i product customize this,Out of Domain
has my order been shipped,Order Status
has my parliamentary law been ship,Order Status
on my order now shipped,Order Status
has my License been revoked,Order Status
Has my order been shipped,Order Status
i havent received my order yet can you check what happened,Shipping Issues
ane havent received my decree yet seat you ascertain what happened,Shipping Issues
i havent received this order yet yet still check what when,Shipping Issues
i havent received his order yet and you tell what it,Shipping Issues
received I havent my order yet check can you what happened,Shipping Issues
what should i do if i forgot my password,Out of Domain
what should i do if i block my password,Out of Domain
where does he do if i forgot my password,Out of Domain
what did i do if anybody changes my password,Out of Domain
should what i do i if forgot password my,Out of Domain
can i upgrade my membership tier,Out of Domain
crapper i upgrade my membership tier up,Out of Domain
can i use my power tier,Out of Domain
can i upgrade my phone today,Out of Domain
I can upgrade my tier membership,Out of Domain
do you have any vegan product options,Out of Domain
do you have any vegan ware choice,Out of Domain
do you remember any vegan clubs online,Out of Domain
do you provide any key product ranges,Out of Domain
you do have any product options vegan,Out of Domain
the item is marked as delivered but i didnt get it can you help,Shipping Issues
the item is marked as delivered but i didnt sire it can you assist,Shipping Issues
their number seemed marked as delivered but she didnt get it thank you help,Shipping Issues
the vehicle is marked auto delivered but i wont get one can u help,Shipping Issues
item is the marked as but delivered i get it didnt can you help,Shipping Issues
can you confirm the delivery time for my order,Delivery Time
can you affirm the delivery time for my rescript,Delivery Time
can you confirm his delivery as from my order,Delivery Time
can not confirm the delivery time in her order,Delivery Time
can you confirm the delivery time for order my,Delivery Time
i received a notification that my package was refused what happens next,Shipping Issues
i received a notification that my computer software was turn away what happens adjacent,Shipping Issues
i received general notification that my transfer was refused to was next,Shipping Issues
i received getting notice that the package was refused what happens then,Shipping Issues
a I received notification that package my was refused what next happens,Shipping Issues
why is the delivery time longer than expected,Delivery Time
wherefore is the manner of speaking time longer than expect,Delivery Time
why is the clock take longer before expected,Delivery Time
why does the delivery time longer that if,Delivery Time
why is the longer delivery time expected than,Delivery Time
how can i confirm if my order has been picked up by the delivery service,Order Status
how buns i confirm if my holy order has be picked up by the saving service,Order Status
how can they confirm because my number has been picked up with the answering service,Order Status
how can i confirm if ur order is gone picked up by the RIGHT person,Order Status
how i can if confirm my has order picked been up by the service delivery,Order Status
can i return an item without a receipt,Out of Domain
can i render an particular without a receipt,Out of Domain
can i want this item without a cause,Out of Domain
can i get a item on a receipt,Out of Domain
can return i an item without a receipt,Out of Domain
can you share me your discount,Out of Domain
can you portion pine tree state your discount,Out of Domain
do you copy me your discount,Out of Domain
can you send me your info,Out of Domain
can you me share discount your,Out of Domain
when will my order arrive,Delivery Time
when will my ordination arrive,Delivery Time
when will my day before,Delivery Time
when will you order go,Delivery Time
will when my arrive order,Delivery Time
has my order been processed successfully,Order Status
has my order personify process successfully,Order Status
has my order data set successfully,Order Status
has its order be processed successfully,Order Status
has order my been successfully processed,Order Status
why was my order split into multiple shipments,Shipping Issues
wherefore was my order split up into multiple shipments,Shipping Issues
there was my order split into pieces...,Shipping Issues
why was my order split through several sections,Shipping Issues
why was split my order into shipments multiple,Shipping Issues
is my order waiting for shipment,Order Status
is my order waiting for despatch,Order Status
is its heart waiting for shipment,Order Status
is Amazon order up for shipment,Order Status
my order is waiting for shipment,Order Status
whats the expected delivery time for international orders,Delivery Time
whats the expected livery meter for international order,Delivery Time
compare the expected service time from international orders,Delivery Time
whats with expected travel time for international freight,Delivery Time
the whats expected delivery for time orders international,Delivery Time
my package was delivered to the wrong place how can i retrieve it,Shipping Issues
my package be save to the wrong place how potty i retrieve information technology,Shipping Issues
my package is addressed to the manning family how can i retrieve it,Shipping Issues
my package was delivered here the wrong place i can Im retrieve that,Shipping Issues
my delivered package to was the wrong place how i can retrieve it,Shipping Issues
